INSERT INTO USER(ID, FIRST_NAME, LAST_NAME, EMAIL) VALUES (1, 'Eric', 'Cartman', 'ecartman@spark.com');
INSERT INTO USER(ID, FIRST_NAME, LAST_NAME, EMAIL) VALUES (2, 'Kenny', 'McCormick', 'kmccormick@spark.com');
INSERT INTO USER(ID, FIRST_NAME, LAST_NAME, EMAIL) VALUES (3, 'Kyle', 'Broflovski', 'kbroflovski@spark.com');
INSERT INTO USER(ID, FIRST_NAME, LAST_NAME, EMAIL) VALUES (4, 'Stan', 'Marsh', 'smarsh@spark.com');
INSERT INTO USER(ID, FIRST_NAME, LAST_NAME, EMAIL) VALUES (5, 'Rick', 'Sanchez', 'rsanchez@randm.com');
INSERT INTO USER(ID, FIRST_NAME, LAST_NAME, EMAIL) VALUES (6, 'Morty', 'Smith', 'msmith@randm.com');
INSERT INTO USER(ID, FIRST_NAME, LAST_NAME, EMAIL) VALUES (7, 'Summer', 'Smith', 'ssmith@randm.com');
INSERT INTO USER(ID, FIRST_NAME, LAST_NAME, EMAIL) VALUES (8, 'Philip', 'Fry', 'pfry@futura.com');
INSERT INTO USER(ID, FIRST_NAME, LAST_NAME, EMAIL) VALUES (9, 'Bender', 'Rodríguez', 'brodriguez@futura.com');
INSERT INTO USER(ID, FIRST_NAME, LAST_NAME, EMAIL) VALUES (10, 'John', 'Zoidberg', 'jzoidberg@futura.com');
INSERT INTO USER(ID, FIRST_NAME, LAST_NAME, EMAIL) VALUES (11, 'Hubert', 'Farnsworth', 'hfarnsworth@futura.com');

INSERT INTO EVENT(ID, NAME, BEGIN, END, OWNER_ID) VALUES (1, 'Planet Express - Executive board meeting', '2018-12-01T09:00:00.000Z', '2018-12-01T11:00:00.000Z', 11);

INSERT INTO EVENT(ID, NAME, BEGIN, END, OWNER_ID) VALUES (2, 'School', '2018-12-03T09:00:00.000Z', '2018-12-03T17:00:00.000Z', 3);
INSERT INTO EVENT(ID, NAME, BEGIN, END, OWNER_ID) VALUES (3, 'School', '2018-12-04T09:00:00.000Z', '2018-12-04T17:00:00.000Z', 3);
INSERT INTO EVENT(ID, NAME, BEGIN, END, OWNER_ID) VALUES (4, 'School', '2018-12-05T09:00:00.000Z', '2018-12-05T17:00:00.000Z', 3);
INSERT INTO EVENT(ID, NAME, BEGIN, END, OWNER_ID) VALUES (5, 'School', '2018-12-06T09:00:00.000Z', '2018-12-06T17:00:00.000Z', 3);
INSERT INTO EVENT(ID, NAME, BEGIN, END, OWNER_ID) VALUES (6, 'School', '2018-12-07T09:00:00.000Z', '2018-12-07T17:00:00.000Z', 3);

INSERT INTO EVENT(ID, NAME, BEGIN, END, OWNER_ID) VALUES (7, 'Inter-dimensional adventure' , '2018-12-02T12:00:00.000Z', '2018-12-02T20:00:00.000Z', 5);
INSERT INTO EVENT(ID, NAME, BEGIN, END, OWNER_ID) VALUES (8, 'Inter-dimensional adventure' , '2018-12-03T10:00:00.000Z', '2018-12-03T17:00:00.000Z', 5);
INSERT INTO EVENT(ID, NAME, BEGIN, END, OWNER_ID) VALUES (9, 'Inter-dimensional adventure' , '2018-11-29T10:00:00.000Z', '2018-12-01T17:00:00.000Z', 5);

INSERT INTO EVENT_GUESTS(EVENT_ID, GUESTS_ID) VALUES (1, 8);
INSERT INTO EVENT_GUESTS(EVENT_ID, GUESTS_ID) VALUES (1, 9);
INSERT INTO EVENT_GUESTS(EVENT_ID, GUESTS_ID) VALUES (1, 10);
INSERT INTO EVENT_GUESTS(EVENT_ID, GUESTS_ID) VALUES (1, 11);
INSERT INTO EVENT_GUESTS(EVENT_ID, GUESTS_ID) VALUES (2, 1);
INSERT INTO EVENT_GUESTS(EVENT_ID, GUESTS_ID) VALUES (2, 2);
INSERT INTO EVENT_GUESTS(EVENT_ID, GUESTS_ID) VALUES (2, 4);
INSERT INTO EVENT_GUESTS(EVENT_ID, GUESTS_ID) VALUES (3, 1);
INSERT INTO EVENT_GUESTS(EVENT_ID, GUESTS_ID) VALUES (3, 2);
INSERT INTO EVENT_GUESTS(EVENT_ID, GUESTS_ID) VALUES (3, 4);
INSERT INTO EVENT_GUESTS(EVENT_ID, GUESTS_ID) VALUES (4, 1);
INSERT INTO EVENT_GUESTS(EVENT_ID, GUESTS_ID) VALUES (4, 2);
INSERT INTO EVENT_GUESTS(EVENT_ID, GUESTS_ID) VALUES (4, 4);
INSERT INTO EVENT_GUESTS(EVENT_ID, GUESTS_ID) VALUES (5, 1);
INSERT INTO EVENT_GUESTS(EVENT_ID, GUESTS_ID) VALUES (5, 2);
INSERT INTO EVENT_GUESTS(EVENT_ID, GUESTS_ID) VALUES (5, 4);
INSERT INTO EVENT_GUESTS(EVENT_ID, GUESTS_ID) VALUES (6, 1);
INSERT INTO EVENT_GUESTS(EVENT_ID, GUESTS_ID) VALUES (6, 2);
INSERT INTO EVENT_GUESTS(EVENT_ID, GUESTS_ID) VALUES (6, 4);
INSERT INTO EVENT_GUESTS(EVENT_ID, GUESTS_ID) VALUES (7, 6);
INSERT INTO EVENT_GUESTS(EVENT_ID, GUESTS_ID) VALUES (8, 6);
INSERT INTO EVENT_GUESTS(EVENT_ID, GUESTS_ID) VALUES (9, 6);